,Pop,size
0,A,0.40562900346893604
1,A,0.22592161738584987
2,A,0.18979015518364045
3,B,0.42936342446321446
4,B,0.6805202626220671
5,B,0.25232764487153275
